year,title
2014,Quinney College of Natural Resources Graduate Student Researcher of the Year
2013,Utah State University Doctoral Dissertation Improvement Grant ($9000)
2013,Utah State University Ecology Center Research Support Award ($3000)
2011,NSF Graduate Research Fellowship
2011,Quinney Wildland Resources PhD Fellowship
2010,Sigma Xi Grants in Aid of Research
2010,"Emmy Lou Driscoll Memorial Scholarship, Sonoma State University"
2010,"John and Delores Headley Scholarship, Sonoma State University"
2010,"Ralph Bushnell Memorial Scholarship, Sonoma State University"
2009,"California Native Plant Society Scholarship, Milo Baker Chapter"